transition_date,transition,old_UTC_offset,new_UTC_offset,affected_trading_day
1967-04-30,Spring,-1 days +19:00:00,-1 days +20:00:00,1967-05-01
1967-10-29,Autumn,-1 days +20:00:00,-1 days +19:00:00,1967-10-30
1968-04-28,Spring,-1 days +19:00:00,-1 days +20:00:00,1968-04-29
1968-10-27,Autumn,-1 days +20:00:00,-1 days +19:00:00,1968-10-28
1969-04-27,Spring,-1 days +19:00:00,-1 days +20:00:00,1969-04-28
1969-10-26,Autumn,-1 days +20:00:00,-1 days +19:00:00,1969-10-27
1970-04-26,Spring,-1 days +19:00:00,-1 days +20:00:00,1970-04-27
1970-10-25,Autumn,-1 days +20:00:00,-1 days +19:00:00,1970-10-26
1971-04-25,Spring,-1 days +19:00:00,-1 days +20:00:00,1971-04-26
1971-10-31,Autumn,-1 days +20:00:00,-1 days +19:00:00,1971-11-01
1972-04-30,Spring,-1 days +19:00:00,-1 days +20:00:00,1972-05-01
1972-10-29,Autumn,-1 days +20:00:00,-1 days +19:00:00,1972-10-30
1973-04-29,Spring,-1 days +19:00:00,-1 days +20:00:00,1973-04-30
1973-10-28,Autumn,-1 days +20:00:00,-1 days +19:00:00,1973-10-29
1974-01-06,Spring,-1 days +19:00:00,-1 days +20:00:00,1974-01-07
1974-10-27,Autumn,-1 days +20:00:00,-1 days +19:00:00,1974-10-28
1975-02-23,Spring,-1 days +19:00:00,-1 days +20:00:00,1975-02-24
1975-10-26,Autumn,-1 days +20:00:00,-1 days +19:00:00,1975-10-27
1976-04-25,Spring,-1 days +19:00:00,-1 days +20:00:00,1976-04-26
1976-10-31,Autumn,-1 days +20:00:00,-1 days +19:00:00,1976-11-01
1977-04-24,Spring,-1 days +19:00:00,-1 days +20:00:00,1977-04-25
1977-10-30,Autumn,-1 days +20:00:00,-1 days +19:00:00,1977-10-31
1978-04-30,Spring,-1 days +19:00:00,-1 days +20:00:00,1978-05-01
1978-10-29,Autumn,-1 days +20:00:00,-1 days +19:00:00,1978-10-30
1979-04-29,Spring,-1 days +19:00:00,-1 days +20:00:00,1979-04-30
1979-10-28,Autumn,-1 days +20:00:00,-1 days +19:00:00,1979-10-29
1980-04-27,Spring,-1 days +19:00:00,-1 days +20:00:00,1980-04-28
1980-10-26,Autumn,-1 days +20:00:00,-1 days +19:00:00,1980-10-27
1981-04-26,Spring,-1 days +19:00:00,-1 days +20:00:00,1981-04-27
1981-10-25,Autumn,-1 days +20:00:00,-1 days +19:00:00,1981-10-26
1982-04-25,Spring,-1 days +19:00:00,-1 days +20:00:00,1982-04-26
1982-10-31,Autumn,-1 days +20:00:00,-1 days +19:00:00,1982-11-01
1983-04-24,Spring,-1 days +19:00:00,-1 days +20:00:00,1983-04-25
1983-10-30,Autumn,-1 days +20:00:00,-1 days +19:00:00,1983-10-31
1984-04-29,Spring,-1 days +19:00:00,-1 days +20:00:00,1984-04-30
1984-10-28,Autumn,-1 days +20:00:00,-1 days +19:00:00,1984-10-29
1985-04-28,Spring,-1 days +19:00:00,-1 days +20:00:00,1985-04-29
1985-10-27,Autumn,-1 days +20:00:00,-1 days +19:00:00,1985-10-28
1986-04-27,Spring,-1 days +19:00:00,-1 days +20:00:00,1986-04-28
1986-10-26,Autumn,-1 days +20:00:00,-1 days +19:00:00,1986-10-27
1987-04-05,Spring,-1 days +19:00:00,-1 days +20:00:00,1987-04-06
1987-10-25,Autumn,-1 days +20:00:00,-1 days +19:00:00,1987-10-26
1988-04-03,Spring,-1 days +19:00:00,-1 days +20:00:00,1988-04-04
1988-10-30,Autumn,-1 days +20:00:00,-1 days +19:00:00,1988-10-31
1989-04-02,Spring,-1 days +19:00:00,-1 days +20:00:00,1989-04-03
1989-10-29,Autumn,-1 days +20:00:00,-1 days +19:00:00,1989-10-30
1990-04-01,Spring,-1 days +19:00:00,-1 days +20:00:00,1990-04-02
1990-10-28,Autumn,-1 days +20:00:00,-1 days +19:00:00,1990-10-29
1991-04-07,Spring,-1 days +19:00:00,-1 days +20:00:00,1991-04-08
1991-10-27,Autumn,-1 days +20:00:00,-1 days +19:00:00,1991-10-28
1992-04-05,Spring,-1 days +19:00:00,-1 days +20:00:00,1992-04-06
1992-10-25,Autumn,-1 days +20:00:00,-1 days +19:00:00,1992-10-26
1993-04-04,Spring,-1 days +19:00:00,-1 days +20:00:00,1993-04-05
1993-10-31,Autumn,-1 days +20:00:00,-1 days +19:00:00,1993-11-01
1994-04-03,Spring,-1 days +19:00:00,-1 days +20:00:00,1994-04-04
1994-10-30,Autumn,-1 days +20:00:00,-1 days +19:00:00,1994-10-31
1995-04-02,Spring,-1 days +19:00:00,-1 days +20:00:00,1995-04-03
1995-10-29,Autumn,-1 days +20:00:00,-1 days +19:00:00,1995-10-30
1996-04-07,Spring,-1 days +19:00:00,-1 days +20:00:00,1996-04-08
1996-10-27,Autumn,-1 days +20:00:00,-1 days +19:00:00,1996-10-28
1997-04-06,Spring,-1 days +19:00:00,-1 days +20:00:00,1997-04-07
1997-10-26,Autumn,-1 days +20:00:00,-1 days +19:00:00,1997-10-27
1998-04-05,Spring,-1 days +19:00:00,-1 days +20:00:00,1998-04-06
1998-10-25,Autumn,-1 days +20:00:00,-1 days +19:00:00,1998-10-26
1999-04-04,Spring,-1 days +19:00:00,-1 days +20:00:00,1999-04-05
1999-10-31,Autumn,-1 days +20:00:00,-1 days +19:00:00,1999-11-01
2000-04-02,Spring,-1 days +19:00:00,-1 days +20:00:00,2000-04-03
2000-10-29,Autumn,-1 days +20:00:00,-1 days +19:00:00,2000-10-30
2001-04-01,Spring,-1 days +19:00:00,-1 days +20:00:00,2001-04-02
2001-10-28,Autumn,-1 days +20:00:00,-1 days +19:00:00,2001-10-29
2002-04-07,Spring,-1 days +19:00:00,-1 days +20:00:00,2002-04-08
2002-10-27,Autumn,-1 days +20:00:00,-1 days +19:00:00,2002-10-28
2003-04-06,Spring,-1 days +19:00:00,-1 days +20:00:00,2003-04-07
2003-10-26,Autumn,-1 days +20:00:00,-1 days +19:00:00,2003-10-27
2004-04-04,Spring,-1 days +19:00:00,-1 days +20:00:00,2004-04-05
2004-10-31,Autumn,-1 days +20:00:00,-1 days +19:00:00,2004-11-01
2005-04-03,Spring,-1 days +19:00:00,-1 days +20:00:00,2005-04-04
2005-10-30,Autumn,-1 days +20:00:00,-1 days +19:00:00,2005-10-31
2006-04-02,Spring,-1 days +19:00:00,-1 days +20:00:00,2006-04-03
2006-10-29,Autumn,-1 days +20:00:00,-1 days +19:00:00,2006-10-30
2007-03-11,Spring,-1 days +19:00:00,-1 days +20:00:00,2007-03-12
2007-11-04,Autumn,-1 days +20:00:00,-1 days +19:00:00,2007-11-05
2008-03-09,Spring,-1 days +19:00:00,-1 days +20:00:00,2008-03-10
2008-11-02,Autumn,-1 days +20:00:00,-1 days +19:00:00,2008-11-03
2009-03-08,Spring,-1 days +19:00:00,-1 days +20:00:00,2009-03-09
2009-11-01,Autumn,-1 days +20:00:00,-1 days +19:00:00,2009-11-02
2010-03-14,Spring,-1 days +19:00:00,-1 days +20:00:00,2010-03-15
2010-11-07,Autumn,-1 days +20:00:00,-1 days +19:00:00,2010-11-08
2011-03-13,Spring,-1 days +19:00:00,-1 days +20:00:00,2011-03-14
2011-11-06,Autumn,-1 days +20:00:00,-1 days +19:00:00,2011-11-07
2012-03-11,Spring,-1 days +19:00:00,-1 days +20:00:00,2012-03-12
2012-11-04,Autumn,-1 days +20:00:00,-1 days +19:00:00,2012-11-05
2013-03-10,Spring,-1 days +19:00:00,-1 days +20:00:00,2013-03-11
2013-11-03,Autumn,-1 days +20:00:00,-1 days +19:00:00,2013-11-04
2014-03-09,Spring,-1 days +19:00:00,-1 days +20:00:00,2014-03-10
2014-11-02,Autumn,-1 days +20:00:00,-1 days +19:00:00,2014-11-03
2015-03-08,Spring,-1 days +19:00:00,-1 days +20:00:00,2015-03-09
2015-11-01,Autumn,-1 days +20:00:00,-1 days +19:00:00,2015-11-02
2016-03-13,Spring,-1 days +19:00:00,-1 days +20:00:00,2016-03-14
2016-11-06,Autumn,-1 days +20:00:00,-1 days +19:00:00,2016-11-07
2017-03-12,Spring,-1 days +19:00:00,-1 days +20:00:00,2017-03-13
2017-11-05,Autumn,-1 days +20:00:00,-1 days +19:00:00,2017-11-06
2018-03-11,Spring,-1 days +19:00:00,-1 days +20:00:00,2018-03-12
2018-11-04,Autumn,-1 days +20:00:00,-1 days +19:00:00,2018-11-05
2019-03-10,Spring,-1 days +19:00:00,-1 days +20:00:00,2019-03-11
2019-11-03,Autumn,-1 days +20:00:00,-1 days +19:00:00,2019-11-04
2020-03-08,Spring,-1 days +19:00:00,-1 days +20:00:00,2020-03-09
2020-11-01,Autumn,-1 days +20:00:00,-1 days +19:00:00,2020-11-02
2021-03-14,Spring,-1 days +19:00:00,-1 days +20:00:00,2021-03-15
2021-11-07,Autumn,-1 days +20:00:00,-1 days +19:00:00,2021-11-08
2022-03-13,Spring,-1 days +19:00:00,-1 days +20:00:00,2022-03-14
2022-11-06,Autumn,-1 days +20:00:00,-1 days +19:00:00,2022-11-07
2023-03-12,Spring,-1 days +19:00:00,-1 days +20:00:00,2023-03-13
2023-11-05,Autumn,-1 days +20:00:00,-1 days +19:00:00,2023-11-06
2024-03-10,Spring,-1 days +19:00:00,-1 days +20:00:00,2024-03-11
2024-11-03,Autumn,-1 days +20:00:00,-1 days +19:00:00,2024-11-04
2025-03-09,Spring,-1 days +19:00:00,-1 days +20:00:00,2025-03-10
2025-11-02,Autumn,-1 days +20:00:00,-1 days +19:00:00,2025-11-03
